{
  "best": {
    "auc": 0.5318268537521362,
    "loss_0": 0.6915544979645574,
    "loss_1": 0.6915036773359597,
    "loss_2": 0.6912422934176045,
    "loss_last": 0.6913934650936412,
    "loss": 0.6914134832792743
  },
  "last": {
    "auc": 0.5285561680793762,
    "loss_0": 0.6931745047311924,
    "loss_1": 0.6920314193594753,
    "loss_2": 0.6919384848475298,
    "loss_last": 0.6932216339789322,
    "loss": 0.6928015615509451
  },
  "train.3": {
    "auc": 0.5318268537521362,
    "loss_0": 0.6915544979645574,
    "loss_1": 0.6915036773359597,
    "loss_2": 0.6912422934176045,
    "loss_last": 0.6913934650936412,
    "loss": 0.6914134832792743
  },
  "epoch_0": [
    "logdir/fold_2/checkpoints/train.1.pth",
    0.5318093299865723,
    {
      "auc": 0.5318093299865723,
      "loss_0": 0.6912528583005466,
      "loss_1": 0.6915045078428311,
      "loss_2": 0.6922787765693205,
      "loss_last": 0.691212189319548,
      "loss": 0.6914454589536005
    }
  ],
  "epoch_1": [
    "logdir/fold_2/checkpoints/train.2.pth",
    0.5303399562835693,
    {
      "auc": 0.5303399562835693,
      "loss_0": 0.6916474148385927,
      "loss_1": 0.6915975474817575,
      "loss_2": 0.691613127596089,
      "loss_last": 0.691573922926943,
      "loss": 0.6915966579997866
    }
  ],
  "epoch_2": [
    "logdir/fold_2/checkpoints/train.3.pth",
    0.5318268537521362,
    {
      "auc": 0.5318268537521362,
      "loss_0": 0.6915544979645574,
      "loss_1": 0.6915036773359597,
      "loss_2": 0.6912422934176045,
      "loss_last": 0.6913934650936412,
      "loss": 0.6914134832792743
    }
  ],
  "epoch_3": [
    "logdir/fold_2/checkpoints/train.4.pth",
    0.5298904776573181,
    {
      "auc": 0.5298904776573181,
      "loss_0": 0.6919786974134671,
      "loss_1": 0.6918025931044124,
      "loss_2": 0.691280511897746,
      "loss_last": 0.691721712985037,
      "loss": 0.6917045022276496
    }
  ],
  "epoch_4": [
    "logdir/fold_2/checkpoints/train.5.pth",
    0.5301205515861511,
    {
      "auc": 0.5301205515861511,
      "loss_0": 0.6920649223480714,
      "loss_1": 0.691507655761125,
      "loss_2": 0.6914916249809886,
      "loss_last": 0.6917261807159052,
      "loss": 0.6917071318261799
    }
  ],
  "epoch_5": [
    "logdir/fold_2/checkpoints/train.6.pth",
    0.528949499130249,
    {
      "auc": 0.528949499130249,
      "loss_0": 0.692567860352025,
      "loss_1": 0.6919730403579295,
      "loss_2": 0.6916084333814027,
      "loss_last": 0.6924225501511092,
      "loss": 0.6922361733660826
    }
  ],
  "epoch_6": [
    "logdir/fold_2/checkpoints/train.7.pth",
    0.5280418992042542,
    {
      "auc": 0.5280418992042542,
      "loss_0": 0.6925106343814155,
      "loss_1": 0.6921767149141517,
      "loss_2": 0.6915220462954219,
      "loss_last": 0.6924187680767063,
      "loss": 0.6922442907628917
    }
  ],
  "epoch_7": [
    "logdir/fold_2/checkpoints/train.8.pth",
    0.5288619995117188,
    {
      "auc": 0.5288619995117188,
      "loss_0": 0.6927866152930232,
      "loss_1": 0.6920878885474082,
      "loss_2": 0.6918149882654493,
      "loss_last": 0.6927308224744321,
      "loss": 0.69248034127611
    }
  ],
  "epoch_8": [
    "logdir/fold_2/checkpoints/train.9.pth",
    0.5286175608634949,
    {
      "auc": 0.5286175608634949,
      "loss_0": 0.6927810807487851,
      "loss_1": 0.6921086946524995,
      "loss_2": 0.6916604583125286,
      "loss_last": 0.6927452843690252,
      "loss": 0.6924643570787831
    }
  ],
  "epoch_9": [
    "logdir/fold_2/checkpoints/train.10.pth",
    0.5278467535972595,
    {
      "auc": 0.5278467535972595,
      "loss_0": 0.6927333149792647,
      "loss_1": 0.6921725054635751,
      "loss_2": 0.6919663694098457,
      "loss_last": 0.6928039381183505,
      "loss": 0.6925473453398385
    }
  ],
  "epoch_10": [
    "logdir/fold_2/checkpoints/train.11.pth",
    0.5302774310112,
    {
      "auc": 0.5302774310112,
      "loss_0": 0.6932298905744261,
      "loss_1": 0.6919530386504242,
      "loss_2": 0.691765305115358,
      "loss_last": 0.6929835860743617,
      "loss": 0.692649844449227
    }
  ],
  "epoch_11": [
    "logdir/fold_2/checkpoints/train.12.pth",
    0.5290445685386658,
    {
      "auc": 0.5290445685386658,
      "loss_0": 0.6933126352351239,
      "loss_1": 0.6922817675357508,
      "loss_2": 0.6918873855892521,
      "loss_last": 0.6933529502768576,
      "loss": 0.6929234510633394
    }
  ],
  "epoch_12": [
    "logdir/fold_2/checkpoints/train.13.pth",
    0.5277758240699768,
    {
      "auc": 0.5277758240699768,
      "loss_0": 0.6930410201371979,
      "loss_1": 0.6922082818840875,
      "loss_2": 0.6918628147302353,
      "loss_last": 0.6930037825578793,
      "loss": 0.6926872501774498
    }
  ],
  "epoch_13": [
    "logdir/fold_2/checkpoints/train.14.pth",
    0.5285561680793762,
    {
      "auc": 0.5285561680793762,
      "loss_0": 0.6931745047311924,
      "loss_1": 0.6920314193594753,
      "loss_2": 0.6919384848475298,
      "loss_last": 0.6932216339789322,
      "loss": 0.6928015615509451
    }
  ]
}