{
  "best": {
    "auc": 0.5318024158477783,
    "loss_0": 0.6919279362494182,
    "loss_1": 0.6920984189419053,
    "loss_2": 0.6917720377872604,
    "loss_last": 0.6918594357421959,
    "loss": 0.6918961315844372
  },
  "last": {
    "auc": 0.5304170250892639,
    "loss_0": 0.692295524289893,
    "loss_1": 0.6920022259918753,
    "loss_2": 0.6917827845024078,
    "loss_last": 0.6921915308189444,
    "loss": 0.6921091943714146
  },
  "train.8": {
    "auc": 0.5318024158477783,
    "loss_0": 0.6919279362494182,
    "loss_1": 0.6920984189419053,
    "loss_2": 0.6917720377872604,
    "loss_last": 0.6918594357421959,
    "loss": 0.6918961315844372
  },
  "epoch_0": [
    "logdir/fold_5/checkpoints/train.1.pth",
    0.5250455737113953,
    {
      "auc": 0.5250455737113953,
      "loss_0": 0.6925426376280548,
      "loss_1": 0.6925914324258107,
      "loss_2": 0.692821653831406,
      "loss_last": 0.6924331506734119,
      "loss": 0.692542545393454
    }
  ],
  "epoch_1": [
    "logdir/fold_5/checkpoints/train.2.pth",
    0.527381181716919,
    {
      "auc": 0.527381181716919,
      "loss_0": 0.6921849015361228,
      "loss_1": 0.6920806003043908,
      "loss_2": 0.692315630709411,
      "loss_last": 0.6920938692956596,
      "loss": 0.6921438042975867
    }
  ],
  "epoch_2": [
    "logdir/fold_5/checkpoints/train.3.pth",
    0.526822030544281,
    {
      "auc": 0.526822030544281,
      "loss_0": 0.6920601109049469,
      "loss_1": 0.6921916706560409,
      "loss_2": 0.6919872643145261,
      "loss_last": 0.6920078866402548,
      "loss": 0.6920438059835223
    }
  ],
  "epoch_3": [
    "logdir/fold_5/checkpoints/train.4.pth",
    0.5299803614616394,
    {
      "auc": 0.5299803614616394,
      "loss_0": 0.6917753298537067,
      "loss_1": 0.6918935243693475,
      "loss_2": 0.6922189890762005,
      "loss_last": 0.6917589605643735,
      "loss": 0.6918607979311526
    }
  ],
  "epoch_4": [
    "logdir/fold_5/checkpoints/train.5.pth",
    0.5288047194480896,
    {
      "auc": 0.5288047194480896,
      "loss_0": 0.6919690177972014,
      "loss_1": 0.6918463239120484,
      "loss_2": 0.6919104665609136,
      "loss_last": 0.6918460604180571,
      "loss": 0.691877340150388
    }
  ],
  "epoch_5": [
    "logdir/fold_5/checkpoints/train.6.pth",
    0.529180109500885,
    {
      "auc": 0.529180109500885,
      "loss_0": 0.6920292912567743,
      "loss_1": 0.6918567769983758,
      "loss_2": 0.6922070907683173,
      "loss_last": 0.6919713451341604,
      "loss": 0.6920012098595663
    }
  ],
  "epoch_6": [
    "logdir/fold_5/checkpoints/train.7.pth",
    0.5305596590042114,
    {
      "auc": 0.5305596590042114,
      "loss_0": 0.6923595180965031,
      "loss_1": 0.6918105426183228,
      "loss_2": 0.6916644113076083,
      "loss_last": 0.6921761498129614,
      "loss": 0.692060487818184
    }
  ],
  "epoch_7": [
    "logdir/fold_5/checkpoints/train.8.pth",
    0.5318024158477783,
    {
      "auc": 0.5318024158477783,
      "loss_0": 0.6919279362494182,
      "loss_1": 0.6920984189419053,
      "loss_2": 0.6917720377872604,
      "loss_last": 0.6918594357421959,
      "loss": 0.6918961315844372
    }
  ],
  "epoch_8": [
    "logdir/fold_5/checkpoints/train.9.pth",
    0.5299587845802307,
    {
      "auc": 0.5299587845802307,
      "loss_0": 0.6920862942743401,
      "loss_1": 0.6920027502080848,
      "loss_2": 0.691987091031724,
      "loss_last": 0.6919560546479329,
      "loss": 0.6919907247480005
    }
  ],
  "epoch_9": [
    "logdir/fold_5/checkpoints/train.10.pth",
    0.5294156074523926,
    {
      "auc": 0.5294156074523926,
      "loss_0": 0.6920746503222869,
      "loss_1": 0.6920204075472124,
      "loss_2": 0.6916639803616463,
      "loss_last": 0.6918779298942886,
      "loss": 0.6918988123073704
    }
  ],
  "epoch_10": [
    "logdir/fold_5/checkpoints/train.11.pth",
    0.5295327305793762,
    {
      "auc": 0.5295327305793762,
      "loss_0": 0.6923737263552533,
      "loss_1": 0.6918277998379305,
      "loss_2": 0.6920082050660684,
      "loss_last": 0.6921267434340617,
      "loss": 0.692098337466323
    }
  ],
  "epoch_11": [
    "logdir/fold_5/checkpoints/train.12.pth",
    0.5311768054962158,
    {
      "auc": 0.5311768054962158,
      "loss_0": 0.6920396291664495,
      "loss_1": 0.6919231672128235,
      "loss_2": 0.6916754715044218,
      "loss_last": 0.6918170501169256,
      "loss": 0.691848246609174
    }
  ],
  "epoch_12": [
    "logdir/fold_5/checkpoints/train.13.pth",
    0.5297520160675049,
    {
      "auc": 0.5297520160675049,
      "loss_0": 0.6921421737875332,
      "loss_1": 0.6920560712879734,
      "loss_2": 0.6919932932238837,
      "loss_last": 0.6921809016390275,
      "loss": 0.692122389446965
    }
  ],
  "epoch_13": [
    "logdir/fold_5/checkpoints/train.14.pth",
    0.5292971134185791,
    {
      "auc": 0.5292971134185791,
      "loss_0": 0.6922670143123952,
      "loss_1": 0.6920111362044095,
      "loss_2": 0.6917300016802501,
      "loss_last": 0.6921504109220954,
      "loss": 0.692076571673427
    }
  ],
  "epoch_14": [
    "logdir/fold_5/checkpoints/train.15.pth",
    0.5295178890228271,
    {
      "auc": 0.5295178890228271,
      "loss_0": 0.6923794728186444,
      "loss_1": 0.6919462294045265,
      "loss_2": 0.6918393676025821,
      "loss_last": 0.6922770092227076,
      "loss": 0.6921660210027857
    }
  ],
  "epoch_15": [
    "logdir/fold_5/checkpoints/train.16.pth",
    0.5290539264678955,
    {
      "auc": 0.5290539264678955,
      "loss_0": 0.6926035329259278,
      "loss_1": 0.6918769011214184,
      "loss_2": 0.691707322775266,
      "loss_last": 0.6923773014954379,
      "loss": 0.6922199519188251
    }
  ],
  "epoch_16": [
    "logdir/fold_5/checkpoints/train.17.pth",
    0.5297703742980957,
    {
      "auc": 0.5297703742980957,
      "loss_0": 0.6926705630351007,
      "loss_1": 0.6919314999974921,
      "loss_2": 0.6919177677690184,
      "loss_last": 0.6924955763286524,
      "loss": 0.6923344389514344
    }
  ],
  "epoch_17": [
    "logdir/fold_5/checkpoints/train.18.pth",
    0.5306907296180725,
    {
      "auc": 0.5306907296180725,
      "loss_0": 0.6926310880888343,
      "loss_1": 0.6919093743422852,
      "loss_2": 0.6918437745388764,
      "loss_last": 0.6923905105876829,
      "loss": 0.6922593005392793
    }
  ],
  "epoch_18": [
    "logdir/fold_5/checkpoints/train.19.pth",
    0.5304170250892639,
    {
      "auc": 0.5304170250892639,
      "loss_0": 0.692295524289893,
      "loss_1": 0.6920022259918753,
      "loss_2": 0.6917827845024078,
      "loss_last": 0.6921915308189444,
      "loss": 0.6921091943714146
    }
  ]
}