{
  "best": {
    "auc": 0.5225893259048462,
    "loss_0": 0.693135237105738,
    "loss_1": 0.6928672693807897,
    "loss_2": 0.69279838931092,
    "loss_last": 0.6929030985572024,
    "loss": 0.6929183770483746
  },
  "last": {
    "auc": 0.5190747380256653,
    "loss_0": 0.6937146756966167,
    "loss_1": 0.6928628154821858,
    "loss_2": 0.6927915550569979,
    "loss_last": 0.6937263523424674,
    "loss": 0.6934247016268327
  },
  "train.1": {
    "auc": 0.5225893259048462,
    "loss_0": 0.693135237105738,
    "loss_1": 0.6928672693807897,
    "loss_2": 0.69279838931092,
    "loss_last": 0.6929030985572024,
    "loss": 0.6929183770483746
  },
  "epoch_0": [
    "logdir/fold_4/checkpoints/train.1.pth",
    0.5225893259048462,
    {
      "auc": 0.5225893259048462,
      "loss_0": 0.693135237105738,
      "loss_1": 0.6928672693807897,
      "loss_2": 0.69279838931092,
      "loss_last": 0.6929030985572024,
      "loss": 0.6929183770483746
    }
  ],
  "epoch_1": [
    "logdir/fold_4/checkpoints/train.2.pth",
    0.5215507745742798,
    {
      "auc": 0.5215507745742798,
      "loss_0": 0.6926239641181405,
      "loss_1": 0.6926887021573078,
      "loss_2": 0.6926650533694307,
      "loss_last": 0.6926160961684805,
      "loss": 0.6926376805760599
    }
  ],
  "epoch_2": [
    "logdir/fold_4/checkpoints/train.3.pth",
    0.520717978477478,
    {
      "auc": 0.520717978477478,
      "loss_0": 0.6929068698885471,
      "loss_1": 0.6926907767096397,
      "loss_2": 0.6927345104344645,
      "loss_last": 0.6929062488181147,
      "loss": 0.6928418247607027
    }
  ],
  "epoch_3": [
    "logdir/fold_4/checkpoints/train.4.pth",
    0.5205857753753662,
    {
      "auc": 0.5205857753753662,
      "loss_0": 0.6930856734185279,
      "loss_1": 0.6926127039050144,
      "loss_2": 0.6926274478891271,
      "loss_last": 0.6929762708034549,
      "loss": 0.6928757824264603
    }
  ],
  "epoch_4": [
    "logdir/fold_4/checkpoints/train.5.pth",
    0.5205854177474976,
    {
      "auc": 0.5205854177474976,
      "loss_0": 0.6931728437972513,
      "loss_1": 0.6928293354498278,
      "loss_2": 0.692610103785167,
      "loss_last": 0.6931526363472311,
      "loss": 0.693011712440615
    }
  ],
  "epoch_5": [
    "logdir/fold_4/checkpoints/train.6.pth",
    0.5206050276756287,
    {
      "auc": 0.5206050276756287,
      "loss_0": 0.6933419345543204,
      "loss_1": 0.6927097765125609,
      "loss_2": 0.692741589253456,
      "loss_last": 0.6933609648467436,
      "loss": 0.6931460384228615
    }
  ],
  "epoch_6": [
    "logdir/fold_4/checkpoints/train.7.pth",
    0.517824113368988,
    {
      "auc": 0.517824113368988,
      "loss_0": 0.6934106583515262,
      "loss_1": 0.6929315686286186,
      "loss_2": 0.6928166199814351,
      "loss_last": 0.693315639101027,
      "loss": 0.6931843037642312
    }
  ],
  "epoch_7": [
    "logdir/fold_4/checkpoints/train.8.pth",
    0.5176445245742798,
    {
      "auc": 0.5176445245742798,
      "loss_0": 0.6936121156401444,
      "loss_1": 0.692943640524323,
      "loss_2": 0.6928043682698438,
      "loss_last": 0.693609774323732,
      "loss": 0.6933649168735648
    }
  ],
  "epoch_8": [
    "logdir/fold_4/checkpoints/train.9.pth",
    0.5183351635932922,
    {
      "auc": 0.5183351635932922,
      "loss_0": 0.6934631123133776,
      "loss_1": 0.6927610954999008,
      "loss_2": 0.6927238828488048,
      "loss_last": 0.6933542325649823,
      "loss": 0.6931684763875388
    }
  ],
  "epoch_9": [
    "logdir/fold_4/checkpoints/train.10.pth",
    0.5185375809669495,
    {
      "auc": 0.5185375809669495,
      "loss_0": 0.6935061083972508,
      "loss_1": 0.6929171966597027,
      "loss_2": 0.6928393306155054,
      "loss_last": 0.6936061774952665,
      "loss": 0.6933468702253635
    }
  ],
  "epoch_10": [
    "logdir/fold_4/checkpoints/train.11.pth",
    0.5181320309638977,
    {
      "auc": 0.5181320309638977,
      "loss_0": 0.6935979595981916,
      "loss_1": 0.6930712528451637,
      "loss_2": 0.6928622962083504,
      "loss_last": 0.6937949915731118,
      "loss": 0.6934860903889545
    }
  ],
  "epoch_11": [
    "logdir/fold_4/checkpoints/train.12.pth",
    0.5190747380256653,
    {
      "auc": 0.5190747380256653,
      "loss_0": 0.6937146756966167,
      "loss_1": 0.6928628154821858,
      "loss_2": 0.6927915550569979,
      "loss_last": 0.6937263523424674,
      "loss": 0.6934247016268327
    }
  ]
}