{
  "best": {
    "auc": 0.5205636620521545,
    "loss_0": 0.6926497701203144,
    "loss_1": 0.6933905351630479,
    "loss_2": 0.6942219563008758,
    "loss_last": 0.6926292221660589,
    "loss": 0.6930249955266059
  },
  "last": {
    "auc": 0.5108973979949951,
    "loss_0": 0.7044336005807268,
    "loss_1": 0.6938720841614338,
    "loss_2": 0.6953512118468554,
    "loss_last": 0.7044654183455712,
    "loss": 0.7011755292589623
  },
  "train.4": {
    "auc": 0.5205636620521545,
    "loss_0": 0.6926497701203144,
    "loss_1": 0.6933905351630479,
    "loss_2": 0.6942219563008758,
    "loss_last": 0.6926292221660589,
    "loss": 0.6930249955266059
  },
  "epoch_0": [
    "logdir/fold_0/checkpoints/train.1.pth",
    0.5066242814064026,
    {
      "auc": 0.5066242814064026,
      "loss_0": 0.6933706577295691,
      "loss_1": 0.6955410378825033,
      "loss_2": 0.6939627068321031,
      "loss_last": 0.6936064620834604,
      "loss": 0.6939489762298072
    }
  ],
  "epoch_1": [
    "logdir/fold_0/checkpoints/train.2.pth",
    0.5150304436683655,
    {
      "auc": 0.5150304436683655,
      "loss_0": 0.6928644731708649,
      "loss_1": 0.6938130101524571,
      "loss_2": 0.6934542991696435,
      "loss_last": 0.6928358487083276,
      "loss": 0.6931065652020814
    }
  ],
  "epoch_2": [
    "logdir/fold_0/checkpoints/train.3.pth",
    0.5199064612388611,
    {
      "auc": 0.5199064612388611,
      "loss_0": 0.6926391965514196,
      "loss_1": 0.693347449570239,
      "loss_2": 0.694354191944276,
      "loss_last": 0.692702026188574,
      "loss": 0.6930744914995633
    }
  ],
  "epoch_3": [
    "logdir/fold_0/checkpoints/train.4.pth",
    0.5205636620521545,
    {
      "auc": 0.5205636620521545,
      "loss_0": 0.6926497701203144,
      "loss_1": 0.6933905351630479,
      "loss_2": 0.6942219563008758,
      "loss_last": 0.6926292221660589,
      "loss": 0.6930249955266059
    }
  ],
  "epoch_4": [
    "logdir/fold_0/checkpoints/train.5.pth",
    0.520083487033844,
    {
      "auc": 0.520083487033844,
      "loss_0": 0.697736973191275,
      "loss_1": 0.6929908692437755,
      "loss_2": 0.6936674950815228,
      "loss_last": 0.6935379880809842,
      "loss": 0.6941682301697333
    }
  ],
  "epoch_5": [
    "logdir/fold_0/checkpoints/train.6.pth",
    0.5166647434234619,
    {
      "auc": 0.5166647434234619,
      "loss_0": 0.7019726481657863,
      "loss_1": 0.6925059776787658,
      "loss_2": 0.6933869841140567,
      "loss_last": 0.6963234006133153,
      "loss": 0.6961393143217708
    }
  ],
  "epoch_6": [
    "logdir/fold_0/checkpoints/train.7.pth",
    0.5139595866203308,
    {
      "auc": 0.5139595866203308,
      "loss_0": 0.7011615227508776,
      "loss_1": 0.692279195715297,
      "loss_2": 0.6936887247518218,
      "loss_last": 0.6978526563210432,
      "loss": 0.6967812444431613
    }
  ],
  "epoch_7": [
    "logdir/fold_0/checkpoints/train.8.pth",
    0.515084981918335,
    {
      "auc": 0.515084981918335,
      "loss_0": 0.7003915191622413,
      "loss_1": 0.6922712936318657,
      "loss_2": 0.6942010097114087,
      "loss_last": 0.6985607940248872,
      "loss": 0.6970910426780201
    }
  ],
  "epoch_8": [
    "logdir/fold_0/checkpoints/train.9.pth",
    0.5128704905509949,
    {
      "auc": 0.5128704905509949,
      "loss_0": 0.7024951554682556,
      "loss_1": 0.6926326514999931,
      "loss_2": 0.6941286730456314,
      "loss_last": 0.7009033093789818,
      "loss": 0.6986610834956974
    }
  ],
  "epoch_9": [
    "logdir/fold_0/checkpoints/train.10.pth",
    0.513882577419281,
    {
      "auc": 0.513882577419281,
      "loss_0": 0.7026266551802299,
      "loss_1": 0.6924548447619785,
      "loss_2": 0.6945056375487964,
      "loss_last": 0.7018417515759948,
      "loss": 0.6991854128744377
    }
  ],
  "epoch_10": [
    "logdir/fold_0/checkpoints/train.11.pth",
    0.5125587582588196,
    {
      "auc": 0.5125587582588196,
      "loss_0": 0.7034074203217773,
      "loss_1": 0.6926121502775102,
      "loss_2": 0.6945516379170877,
      "loss_last": 0.7026718408299379,
      "loss": 0.6997644678256976
    }
  ],
  "epoch_11": [
    "logdir/fold_0/checkpoints/train.12.pth",
    0.5122612118721008,
    {
      "auc": 0.5122612118721008,
      "loss_0": 0.7041609722800946,
      "loss_1": 0.6927286695924711,
      "loss_2": 0.6952357135977114,
      "loss_last": 0.7041459783913036,
      "loss": 0.7007605585352951
    }
  ],
  "epoch_12": [
    "logdir/fold_0/checkpoints/train.13.pth",
    0.5120184421539307,
    {
      "auc": 0.5120184421539307,
      "loss_0": 0.7046153536778809,
      "loss_1": 0.6931666347102398,
      "loss_2": 0.6952170800039824,
      "loss_last": 0.7043852216375783,
      "loss": 0.7010257987647504
    }
  ],
  "epoch_13": [
    "logdir/fold_0/checkpoints/train.14.pth",
    0.5120973587036133,
    {
      "auc": 0.5120973587036133,
      "loss_0": 0.707943944834772,
      "loss_1": 0.6932552664747611,
      "loss_2": 0.6956768992779876,
      "loss_last": 0.7079240744273737,
      "loss": 0.7034413990728708
    }
  ],
  "epoch_14": [
    "logdir/fold_0/checkpoints/train.15.pth",
    0.5108973979949951,
    {
      "auc": 0.5108973979949951,
      "loss_0": 0.7044336005807268,
      "loss_1": 0.6938720841614338,
      "loss_2": 0.6953512118468554,
      "loss_last": 0.7044654183455712,
      "loss": 0.7011755292589623
    }
  ]
}