{
  "best": {
    "auc": 0.5302558541297913,
    "loss_0": 0.6913243707052525,
    "loss_1": 0.691484010319592,
    "loss_2": 0.6922098623816393,
    "loss_last": 0.6912374415523482,
    "loss": 0.6914551051631753
  },
  "last": {
    "auc": 0.5276755094528198,
    "loss_0": 0.6924583467330329,
    "loss_1": 0.6915407161545097,
    "loss_2": 0.691468966382832,
    "loss_last": 0.6924778144282484,
    "loss": 0.692150250517486
  },
  "train.2": {
    "auc": 0.5302558541297913,
    "loss_0": 0.6913243707052525,
    "loss_1": 0.691484010319592,
    "loss_2": 0.6922098623816393,
    "loss_last": 0.6912374415523482,
    "loss": 0.6914551051631753
  },
  "epoch_0": [
    "logdir/fold_1/checkpoints/train.1.pth",
    0.527733325958252,
    {
      "auc": 0.527733325958252,
      "loss_0": 0.6917294418938417,
      "loss_1": 0.6921622859492143,
      "loss_2": 0.6926728523723471,
      "loss_last": 0.6916519490423568,
      "loss": 0.6919200826711264
    }
  ],
  "epoch_1": [
    "logdir/fold_1/checkpoints/train.2.pth",
    0.5302558541297913,
    {
      "auc": 0.5302558541297913,
      "loss_0": 0.6913243707052525,
      "loss_1": 0.691484010319592,
      "loss_2": 0.6922098623816393,
      "loss_last": 0.6912374415523482,
      "loss": 0.6914551051631753
    }
  ],
  "epoch_2": [
    "logdir/fold_1/checkpoints/train.3.pth",
    0.5282163023948669,
    {
      "auc": 0.5282163023948669,
      "loss_0": 0.6916010255797427,
      "loss_1": 0.6912846189292738,
      "loss_2": 0.6917823225597606,
      "loss_last": 0.6913640497448026,
      "loss": 0.6914600315435473
    }
  ],
  "epoch_3": [
    "logdir/fold_1/checkpoints/train.4.pth",
    0.5277987122535706,
    {
      "auc": 0.5277987122535706,
      "loss_0": 0.6919706420153482,
      "loss_1": 0.6909924925042186,
      "loss_2": 0.6914748423640961,
      "loss_last": 0.6915605244071614,
      "loss": 0.6915199407020706
    }
  ],
  "epoch_4": [
    "logdir/fold_1/checkpoints/train.5.pth",
    0.5283846259117126,
    {
      "auc": 0.5283846259117126,
      "loss_0": 0.6914117345636572,
      "loss_1": 0.6914027874207511,
      "loss_2": 0.691145177465417,
      "loss_last": 0.691330980259364,
      "loss": 0.6913254483166555
    }
  ],
  "epoch_5": [
    "logdir/fold_1/checkpoints/train.6.pth",
    0.5285195112228394,
    {
      "auc": 0.5285195112228394,
      "loss_0": 0.6915605049373627,
      "loss_1": 0.6911365166024973,
      "loss_2": 0.6910267068595577,
      "loss_last": 0.6914817071075202,
      "loss": 0.6913614827691881
    }
  ],
  "epoch_6": [
    "logdir/fold_1/checkpoints/train.7.pth",
    0.5277082324028015,
    {
      "auc": 0.5277082324028015,
      "loss_0": 0.6915560500243929,
      "loss_1": 0.691445358854116,
      "loss_2": 0.6912494879665395,
      "loss_last": 0.6915059971768954,
      "loss": 0.6914614971339984
    }
  ],
  "epoch_7": [
    "logdir/fold_1/checkpoints/train.8.pth",
    0.5257586240768433,
    {
      "auc": 0.5257586240768433,
      "loss_0": 0.6926664677308504,
      "loss_1": 0.6916044591786247,
      "loss_2": 0.6914852319479179,
      "loss_last": 0.6923376659672252,
      "loss": 0.6921282018193219
    }
  ],
  "epoch_8": [
    "logdir/fold_1/checkpoints/train.9.pth",
    0.526270866394043,
    {
      "auc": 0.526270866394043,
      "loss_0": 0.6924263726937512,
      "loss_1": 0.6914228864878887,
      "loss_2": 0.6912262070619135,
      "loss_last": 0.692289311191525,
      "loss": 0.691990586201915
    }
  ],
  "epoch_9": [
    "logdir/fold_1/checkpoints/train.10.pth",
    0.5261446833610535,
    {
      "auc": 0.5261446833610535,
      "loss_0": 0.6925887647513129,
      "loss_1": 0.6911658331233557,
      "loss_2": 0.6915115290681763,
      "loss_last": 0.6923922842687635,
      "loss": 0.6920738342488512
    }
  ],
  "epoch_10": [
    "logdir/fold_1/checkpoints/train.11.pth",
    0.5271527171134949,
    {
      "auc": 0.5271527171134949,
      "loss_0": 0.6924768926514879,
      "loss_1": 0.691646795504287,
      "loss_2": 0.6911192208990481,
      "loss_last": 0.6924616768062851,
      "loss": 0.6921046755391971
    }
  ],
  "epoch_11": [
    "logdir/fold_1/checkpoints/train.12.pth",
    0.5275201797485352,
    {
      "auc": 0.5275201797485352,
      "loss_0": 0.6927329879437536,
      "loss_1": 0.6920171514783471,
      "loss_2": 0.691196029129714,
      "loss_last": 0.6930529751839644,
      "loss": 0.6925175285911089
    }
  ],
  "epoch_12": [
    "logdir/fold_1/checkpoints/train.13.pth",
    0.5276755094528198,
    {
      "auc": 0.5276755094528198,
      "loss_0": 0.6924583467330329,
      "loss_1": 0.6915407161545097,
      "loss_2": 0.691468966382832,
      "loss_last": 0.6924778144282484,
      "loss": 0.692150250517486
    }
  ]
}