{
  "best": {
    "auc": 0.51997309923172,
    "loss_0": 0.6937819981808389,
    "loss_1": 0.6925748637692171,
    "loss_2": 0.692744592952663,
    "loss_last": 0.6936046695266594,
    "loss": 0.6933192518897973
  },
  "last": {
    "auc": 0.51997309923172,
    "loss_0": 0.6937819981808389,
    "loss_1": 0.6925748637692171,
    "loss_2": 0.692744592952663,
    "loss_last": 0.6936046695266594,
    "loss": 0.6933192518897973
  },
  "train.20": {
    "auc": 0.51997309923172,
    "loss_0": 0.6937819981808389,
    "loss_1": 0.6925748637692171,
    "loss_2": 0.692744592952663,
    "loss_last": 0.6936046695266594,
    "loss": 0.6933192518897973
  },
  "epoch_0": [
    "logdir/fold_3/checkpoints/train.1.pth",
    0.5145484805107117,
    {
      "auc": 0.5145484805107117,
      "loss_0": 0.693628609038581,
      "loss_1": 0.6933352909320518,
      "loss_2": 0.6932352966843185,
      "loss_last": 0.6931956465896678,
      "loss": 0.6932976968633661
    }
  ],
  "epoch_1": [
    "logdir/fold_3/checkpoints/train.2.pth",
    0.5159663558006287,
    {
      "auc": 0.5159663558006287,
      "loss_0": 0.6938204323840064,
      "loss_1": 0.6932941706078215,
      "loss_2": 0.6931263515323677,
      "loss_last": 0.6936468798599028,
      "loss": 0.6935302733573439
    }
  ],
  "epoch_2": [
    "logdir/fold_3/checkpoints/train.3.pth",
    0.5171976089477539,
    {
      "auc": 0.5171976089477539,
      "loss_0": 0.6933886716715593,
      "loss_1": 0.6932129976345874,
      "loss_2": 0.6933543260019263,
      "loss_last": 0.6935105245639213,
      "loss": 0.6934146052657297
    }
  ],
  "epoch_3": [
    "logdir/fold_3/checkpoints/train.4.pth",
    0.517695963382721,
    {
      "auc": 0.517695963382721,
      "loss_0": 0.6936890828975134,
      "loss_1": 0.6929106719753984,
      "loss_2": 0.6930292469882515,
      "loss_last": 0.6936028749712737,
      "loss": 0.6934062871698615
    }
  ],
  "epoch_4": [
    "logdir/fold_3/checkpoints/train.5.pth",
    0.5176380276679993,
    {
      "auc": 0.5176380276679993,
      "loss_0": 0.694176259646544,
      "loss_1": 0.6931548921962115,
      "loss_2": 0.6933254412179518,
      "loss_last": 0.6942308915214342,
      "loss": 0.6938915603422112
    }
  ],
  "epoch_5": [
    "logdir/fold_3/checkpoints/train.6.pth",
    0.5161539912223816,
    {
      "auc": 0.5161539912223816,
      "loss_0": 0.6938940613787131,
      "loss_1": 0.6937119757645699,
      "loss_2": 0.6933469950349465,
      "loss_last": 0.694501810315598,
      "loss": 0.6940764158264564
    }
  ],
  "epoch_6": [
    "logdir/fold_3/checkpoints/train.7.pth",
    0.5176796317100525,
    {
      "auc": 0.5176796317100525,
      "loss_0": 0.6934047429536292,
      "loss_1": 0.6932811741316627,
      "loss_2": 0.6930571668051073,
      "loss_last": 0.6937794827073542,
      "loss": 0.693513597445729
    }
  ],
  "epoch_7": [
    "logdir/fold_3/checkpoints/train.8.pth",
    0.517909586429596,
    {
      "auc": 0.517909586429596,
      "loss_0": 0.6943462248509765,
      "loss_1": 0.6930781682146745,
      "loss_2": 0.6933497280012773,
      "loss_last": 0.6945263820737119,
      "loss": 0.6940588868188191
    }
  ],
  "epoch_8": [
    "logdir/fold_3/checkpoints/train.9.pth",
    0.5175398588180542,
    {
      "auc": 0.5175398588180542,
      "loss_0": 0.693795322767169,
      "loss_1": 0.6928704164815612,
      "loss_2": 0.6930434129326868,
      "loss_last": 0.6939655206710714,
      "loss": 0.6936009643649654
    }
  ],
  "epoch_9": [
    "logdir/fold_3/checkpoints/train.10.pth",
    0.5170320272445679,
    {
      "auc": 0.5170320272445679,
      "loss_0": 0.6936662758436956,
      "loss_1": 0.6931871721413343,
      "loss_2": 0.6930778261605163,
      "loss_last": 0.6940765910209482,
      "loss": 0.6936935190127913
    }
  ],
  "epoch_10": [
    "logdir/fold_3/checkpoints/train.11.pth",
    0.5184751749038696,
    {
      "auc": 0.5184751749038696,
      "loss_0": 0.6930094147685425,
      "loss_1": 0.693103496407885,
      "loss_2": 0.6928443397855253,
      "loss_last": 0.693437826808662,
      "loss": 0.6932117923921742
    }
  ],
  "epoch_11": [
    "logdir/fold_3/checkpoints/train.12.pth",
    0.5180396437644958,
    {
      "auc": 0.5180396437644958,
      "loss_0": 0.6938277778145687,
      "loss_1": 0.6930524133918775,
      "loss_2": 0.692917026262169,
      "loss_last": 0.6941848567711,
      "loss": 0.6937253117252775
    }
  ],
  "epoch_12": [
    "logdir/fold_3/checkpoints/train.13.pth",
    0.5184547305107117,
    {
      "auc": 0.5184547305107117,
      "loss_0": 0.6934101074674207,
      "loss_1": 0.6930136994329417,
      "loss_2": 0.6930192701609643,
      "loss_last": 0.6939062119480798,
      "loss": 0.69352696536074
    }
  ],
  "epoch_13": [
    "logdir/fold_3/checkpoints/train.14.pth",
    0.5193102955818176,
    {
      "auc": 0.5193102955818176,
      "loss_0": 0.6936769238691853,
      "loss_1": 0.6927536926370684,
      "loss_2": 0.6926532621835663,
      "loss_last": 0.6936116057793423,
      "loss": 0.6933197903798397
    }
  ],
  "epoch_14": [
    "logdir/fold_3/checkpoints/train.15.pth",
    0.5181322693824768,
    {
      "auc": 0.5181322693824768,
      "loss_0": 0.6938026235691724,
      "loss_1": 0.692695916456233,
      "loss_2": 0.6928767696067765,
      "loss_last": 0.6938096710243922,
      "loss": 0.6934673980666243
    }
  ],
  "epoch_15": [
    "logdir/fold_3/checkpoints/train.16.pth",
    0.517095148563385,
    {
      "auc": 0.517095148563385,
      "loss_0": 0.6940127528929241,
      "loss_1": 0.693007728778696,
      "loss_2": 0.693147033707466,
      "loss_last": 0.6946136490690268,
      "loss": 0.6940014127452719
    }
  ],
  "epoch_16": [
    "logdir/fold_3/checkpoints/train.17.pth",
    0.5189797282218933,
    {
      "auc": 0.5189797282218933,
      "loss_0": 0.694871405392769,
      "loss_1": 0.6928854109981244,
      "loss_2": 0.6927237146733003,
      "loss_last": 0.6945847244144377,
      "loss": 0.6940391247552896
    }
  ],
  "epoch_17": [
    "logdir/fold_3/checkpoints/train.18.pth",
    0.5187996029853821,
    {
      "auc": 0.5187996029853821,
      "loss_0": 0.69414627457512,
      "loss_1": 0.6928789883764221,
      "loss_2": 0.6931630603432433,
      "loss_last": 0.6945919675500869,
      "loss": 0.6939940457221906
    }
  ],
  "epoch_18": [
    "logdir/fold_3/checkpoints/train.19.pth",
    0.5192860960960388,
    {
      "auc": 0.5192860960960388,
      "loss_0": 0.6940071811860029,
      "loss_1": 0.6926846369541921,
      "loss_2": 0.6926515805650703,
      "loss_last": 0.6938467130811109,
      "loss": 0.6934805940909267
    }
  ],
  "epoch_19": [
    "logdir/fold_3/checkpoints/train.20.pth",
    0.51997309923172,
    {
      "auc": 0.51997309923172,
      "loss_0": 0.6937819981808389,
      "loss_1": 0.6925748637692171,
      "loss_2": 0.692744592952663,
      "loss_last": 0.6936046695266594,
      "loss": 0.6933192518897973
    }
  ]
}